{
  "architecture": {
    "input": 5,
    "hidden": 8,
    "output": 3
  },
  "weights": {
    "ih": [
      -0.23116735743345818,
      0.14699798137082584,
      -0.011959972619947485,
      0.33026958105591747,
      0.09907579655511782,
      0.24524008741204173,
      -0.337401256746947,
      -0.33757891274322305,
      -0.1199498029700597,
      -0.3734427231129192,
      0.369945920316482,
      -0.3821483111288822,
      0.16185882421775885,
      -0.2786192150071498,
      0.17866243322452088,
      -0.2434219594617497,
      0.23978404475762438,
      -0.044140980499135236,
      0.3490391626685281,
      0.25815634931473846,
      -0.02573938222398798,
      0.21707089279262046,
      0.16213093375159965,
      0.1877758655430284,
      0.1581583969852854,
      0.2504222466612249,
      0.21677688018449212,
      0.2407819248588284,
      0.23466152499343915,
      -0.17008012159919983,
      -0.1941135949735587,
      -0.17040779977314438,
      0.09115643977415443,
      -0.3756495477099029,
      0.04870044111798074,
      0.36075477957257357,
      -0.25899761403300686,
      -0.1454301709296965,
      0.30336200351545917,
      -0.04503657806530736
    ],
    "ho": [
      0.08682272333742458,
      0.2639354545975565,
      0.23479139227378504,
      0.18551824924529203,
      0.020049479538675186,
      0.050424058998052454,
      0.39330769949941957,
      -0.15607753673906802,
      -0.1710995240181209,
      -0.24842487923518985,
      -0.3418648597471914,
      -0.21335519170143633,
      -0.30980175031965806,
      -0.1386014536219252,
      0.29084996707822064,
      0.2802177459851772,
      -0.3019697588401056,
      -0.2578248295227176,
      0.41413870564720046,
      -0.10518481601003501,
      0.33064759952002537,
      0.3542494549564302,
      -0.3760937769289337,
      0.04171602044424353
    ],
    "bh": [
      0,
      0,
      0,
      0,
      0,
      0,
      0,
      0
    ],
    "bo": [
      0,
      0,
      0
    ]
  }
}